title,current_price,original_price,stock_status
Dobble,$ 12.742,$ 14.990,Oferta
Dobble Dinosaurs,$ 12.742,$ 14.990,Oferta
Sunrise Lane,$ 17.495,$ 34.990,Oferta
The Mind Extreme,,$ 12.990,
Marvel Champions: Falcon...,$ 11.193,$ 15.990,Oferta
El Monstruo de Colores...,,$ 24.990,
Trio,,$ 14.990,
Fantasma Blitz,,$ 12.990,
Finca,,$ 47.588,
Código Secreto Dúo 2ª edición,,$ 21.990,
Nidavellir,,$ 37.990,
Space Base,,$ 45.990,
Castillos del Rey Loco Ludwig,,$ 65.438,
Everdell,,$ 79.990,
Knarr,,$ 30.928,
Metro,,$ 59.488,
Virus 2 Evolution (Expansión),,$ 15.990,
Virus,,$ 19.990,
Quarto,,$ 29.990,
Museum,,$ 53.990,
Hadara,,$ 42.990,
Galaxy Trucker,,$ 45.990,
Ganges,,$ 49.990,
El Grande,,$ 49.990,
Dominion Intriga II...,,$ 34.990,
Diplomacy,,$ 59.488,
Combat Commander Pacífico,,$ 95.188,
Colt Express,,$ 32.990,
Código Secreto,,$ 22.990,
Código Secreto Imágenes,,$ 24.990,
Commands and Colors: Edad...,,$ 79.990,
Taco Gatito Pizza,,$ 11.990,
Taco Gorro Torta Caja Pizza,,$ 11.990,
Queendomino,,$ 29.990,
Carcassonne Posadas y...,,$ 19.990,
Carcassonne Constructores y...,,$ 16.990,
La Tripulación: Misión Mar...,,$ 19.990,
La Torre Encantada -...,,$ 12.990,
Las Tabernas de Valfonda,,$ 44.990,
Tuareg,,$ 24.990,
Sushi Go Party,,$ 22.990,
Star Realms: Frontiers...,,$ 16.990,
La Resistencia,,$ 21.990,
Exit La Academia de las...,,$ 21.408,
Exit El Laberinto Maldito,,$ 14.990,
Exit Muerte en el Orient...,,$ 12.990,
Exit EL Tesoro Hundido,,$ 12.990,
Exit La Estación Polar,,$ 12.990,
Exit La Isla Olvidada,,$ 12.990,
Exit El Castillo Prohibido,,$ 12.990,
Exit La Tumba del Faraón,,$ 12.990,
Coloretto,,$ 12.990,
Clank!: En el espacio,,$ 54.990,
Catan Big Box,,$ 69.990,
Catan: Piratas y...,,$ 37.990,
Catan: Navegantes de Catan...,,$ 24.990,
Catan: El Duelo Nueva Edición,,$ 24.990,
Catan,,$ 34.990,
Bienvenido a La Mazmorra,,$ 12.990,
Alquimistas,,$ 44.990,
Alhambra Edición 2020,,$ 34.990,
Zombicide - White Death:...,$ 20.993,$ 29.990,Oferta
Yokai Sketch,$ 7.992,$ 9.990,Oferta
Wizard,$ 10.392,$ 12.990,Oferta
Venturesome,$ 6.993,$ 9.990,Oferta
Veggies,$ 6.993,$ 9.990,Oferta
Valkirias,$ 31.493,$ 44.990,Oferta
Unrest,$ 11.994,$ 19.990,Oferta
Unstable Unicorns: Dragones...,$ 7.995,$ 15.990,Oferta
Trama,$ 15.395,$ 27.990,Oferta
Treos,$ 24.745,$ 44.990,Oferta
Troia,$ 12.095,$ 21.990,Oferta
The Mind: Soulmates,$ 13.592,$ 16.990,Oferta
The Game Cara a Cara,$ 10.392,$ 12.990,Oferta
The Game,$ 10.392,$ 12.990,Oferta
Tank Up,$ 17.995,$ 35.990,Oferta
Takenoko Chibis (Expansión),$ 14.294,$ 21.990,Oferta
Story Cubes Star Wars,$ 9.744,$ 14.990,Oferta
Smart 10: Paquete De...,$ 15.393,$ 21.990,Oferta
Smart 10: Viajes Paquete De...,$ 11.893,$ 16.990,Oferta
Simplicity,$ 12.645,$ 22.990,Oferta
Sanssouci,$ 19.795,$ 35.990,Oferta
Saboteur 2 (Expansión),$ 10.392,$ 12.990,Oferta
Robin Hood y Sus Alegres...,$ 32.994,$ 54.990,Oferta
RCG,$ 10.493,$ 14.990,Oferta
Puzzles En El Mar +4,$ 6.995,$ 13.990,Oferta
Qawale Mini,$ 18.193,$ 25.990,Oferta
Puerto Banana,$ 9.495,$ 18.990,Oferta
Polaris,$ 22.744,$ 34.990,Oferta
Plenus 2,$ 10.493,$ 14.990,Oferta
Pacifica La Ciudad Bajo El Mar,$ 17.493,$ 24.990,Oferta
Pelusas,$ 11.042,$ 12.990,Oferta
Pengo Jump,$ 9.996,$ 24.990,Oferta
Nova Era,$ 24.493,$ 34.990,Oferta
Nunatak El Templo De Hielo,$ 31.493,$ 44.990,Oferta
Odin,$ 10.392,$ 12.990,Oferta
Next Station: Paris,$ 11.044,$ 16.990,Oferta
Nebula,$ 27.992,$ 34.990,Oferta
Mono Glotón,$ 8.495,$ 16.990,Oferta
Mille Fiori,$ 35.992,$ 44.990,Oferta
