title,original_price,current_price,stock_status
Catan,$34.990,,
The White Castle,$31.990,,
King of Tokyo Origins,$29.990,,
Copérnico,$23.990,,
Corduba 27 a.C.,$95.990,,
Colt Express,$32.990,,
Ubongo,$34.990,,
Alhambra,$38.990,,
Polilla Tramposa,$15.990,,
El Abejorro Tramposo,$14.990,,
Catan exp. Ciudades y Caballeros,$35.990,,
Catan exp. Navegantes,$34.990,,
La Tripulacion,$19.990,,
Sushi Go Party,$22.990,,
Silk,$22.990,,
Chakra,$26.990,,
Chakra exp: Ying Yang,$14.990,$10.493,Oferta
Cooper Island,$55.990,$44.792,Oferta
Four Gardens,$50.990,$25.495,Oferta
Shamans,$28.990,$23.192,Oferta
Azul: El jardín de la Reina,$44.990,$26.994,Oferta
Praga Caput Regni,$62.990,$44.093,Oferta
Suburbia,$62.990,$44.093,Oferta
Dobble Clásico,$14.990,,
Dobble Harry Potter,$15.990,,
Exploding Kittens,$20.990,,
Exploding Kittens: Recetas del Desastre,$30.990,,
Hanabi (nueva versión),$12.990,,
Jaipur,$19.990,,
Splendor (Nueva Edición),$34.990,,
Belfort,$59.990,$41.993,Oferta
Yokohama,$56.990,,
Saqueadores de Midgard,$50.990,$40.792,Oferta
Jungle Speed ECO,$17.990,,
7 Wonders Duel,$26.990,,
7 Wonders exp. Armada - Nueva Edicion,$24.990,,
7 Wonders exp. Cities - Nueva Edicion,$24.990,,
Azul: Vitrales de Sintra,$39.990,,
Black Angel,$69.990,$41.994,Oferta
Love Letter (Eco Box),$14.990,,
Panic Mansion,$27.990,,
Photosynthesis,$44.990,,
Taco Gato Cabra Queso Pizza,$12.990,,
Cortex Challenge Original,$14.990,,
Cortex Challenge 2,$14.990,,
Imagine Refresh,$21.990,,
Aventureros al Tren: América,$44.990,,
Aventureros al Tren: Europa,$44.990,,
Aventureros al Tren: El Corazón de Africa,$26.990,,
Aventureros al Tren: Asia,$37.990,,
Aventureros al Tren: Francia,$34.990,$27.992,Oferta
Aventureros al Tren: Países Bajos,$26.990,,
Aventureros al Tren: India y Suiza,$31.990,$25.592,Oferta
Aventureros al Tren: La Vuelta al mundo,$79.990,,
Aventureros al Tren: United Kingdom y Pennsylvania,$37.990,$30.392,Oferta
Cacao,$25.990,,
Catan: Juego de Cartas,$10.990,,
Barrio,$15.990,,
Century: Maravillas de Oriente,$37.990,$22.794,Oferta
Century: Un Nuevo Mundo,$37.990,$22.794,Oferta
Clank,$59.990,,
Dominion,$41.990,,
Fast Food Fear,$15.990,,
Fauna,$39.990,,
La Guerra del Anillo,$90.990,,
King of New York,$39.990,,
La Escalera Encantada,$29.990,,
Pick a Perro,$14.990,,
Virus,$19.990,,
Virus 2 Exp. Evolution,$15.990,,
Alta Tension Reenergizado,$39.990,,
Munchkin,$25.990,,
Cortex Challenge Kids,$14.990,,
Cortex Challenge kids 2,$14.990,,
¿Quien fue?,$12.990,,
Fairy Tile,$25.990,,
Illusion,$12.990,,
La Dama y el Tigre,$12.990,$9.093,Oferta
La Leyenda del Cerezo que Florece cada Diez Años,$20.990,,
Qwixx,$12.990,,
Qwixx expansión: Big Points,$5.990,,
Qwixx expansion: Bonus,$5.990,,
Robots,$9.990,,
Saboteur,$11.990,,
Saboteur 2,$10.990,,
The Game,$12.990,,
The Game  - Cara a cara,$10.990,,
The Game Rapido y Simple,$12.990,,
Not alone,$18.990,,
Marrakech,$29.990,,
Quixo,$29.990,,
Aventura de las Tablas,$33.990,,
Lady Richmond,$21.990,$10.995,Oferta
Rey de los Dados,$24.990,,
Rhino Hero,$13.990,,
Bandido Ed. Fractal,$12.990,,
Forest,$10.990,,
Kariba,$10.990,,
Kawaii,$10.990,,
Papageno,$10.990,,
Papageno Chile,$12.990,,
Bunny Kingdom,$49.990,,
Dixit Odyssey Refresh,$29.990,,
Mysterium Refresh,$37.990,,
Cytosis,$35.990,,
El Curso de la Historia,$17.990,$12.593,Oferta
Abluxxen,$14.990,,
Cocos Locos,$24.990,,
Cubirds,$16.990,,
Entre Dos Castillos del Rey Loco,$61.990,,
Wingspan - Español,$62.990,,
Wyrmspan - Español,$64.990,,
El Switcher,$18.990,,
Camel up 2.0 cartas,$24.990,,
Takenoko (Nueva edición),$38.990,,
Takenoko - Chibis,$21.990,,
Reinos de Papel,$32.990,$26.392,Oferta
¿Cual es la Pareja?,$9.990,,
Concept Kids,$24.990,,
Coatl,$32.990,$19.794,Oferta
Sierra West,$45.990,,
Ikonikus,$15.990,,
Catan ampl. 5-6 Jugadores,$25.990,,
Catan Mercaderes y Barbaros ampl. 5-6 Jugadores,$24.990,,
Similo: Fabulas,$9.990,,
Similo: Historia,$9.990,,
Similo: Mitos,$9.990,,
Jenga,$16.990,,
Robinson Crusoe: Aventuras en la Isla Maldita - Edicion Coleccionista,$99.990,,
Ensalada de Puntos,$14.990,,
Alubari,$50.990,$40.792,Oferta
Pandemic,$36.990,,
Sky Team,$29.990,,
Gen 7 - Ingles,$82.990,$41.495,Oferta
Pandemic exp. The Cure - Ingles,$41.990,$20.995,Oferta
Great Western Trail Segunda Edición,$63.990,,
Food Chain Magnate,$128.990,,
Great Western Trail - 2ª Ed - Railes hacia el norte,$44.990,,
Great Western Trail Argentina,$74.990,,
Great Western Trail Nueva Zelanda,$81.990,,
Food Chain Magnate exp Ketchup,$129.990,,
Heaven & Ale,$54.990,,
Here I Stand,$85.990,$68.792,Oferta
Dixit exp. Aniversario,$19.990,,
Dixit exp. Daydreams,$19.990,,
Dixit exp. Journey,$19.990,,
Dixit exp. Memories,$19.990,,
Dixit exp. Origins,$19.990,,
Dixit exp. Quest,$19.990,,
Dixit exp. Revelations,$19.990,,
The Mind,$12.990,,
The Mind extreme,$12.990,,
Combat Commander: EUROPA,$59.990,,
Exit: El Castillo Prohibido,$14.990,,
Exit: La Estacion Polar,$14.990,,
Exit: El Tesoro Hundido,$14.990,,
Exit: Muerte en el Orient Express,$14.990,,
La Guerra en el Pacifico,$22.990,,
Catan exp. Piratas y Exploradores,$39.990,,
Exit: La Isla Olvidada,$12.990,,
Memoir '44 - Refresh,$69.990,,
La Isla Prohibida,$24.990,,
La Resistencia,$21.990,,
Papua,$37.990,$30.392,Oferta
Set,$15.990,,
Star Realms,$12.990,,
Seafall,$70.990,$42.594,Oferta
Red Cathedral,$25.990,$20.792,Oferta
La Corte del Zar,$59.990,,
Kraftwagen: Age of Engineering,$62.990,,
Dragon’s Gold,$27.990,,
La Viña,$22.990,$16.093,Oferta
Alquimistas exp. El Golem del Rey,$29.990,,
Cacao exp. Diamante,$18.990,,
Paris: La Cite de la Lumiere,$24.990,$14.994,Oferta
Concept,$29.990,,
Ex Libris,$50.990,$40.792,Oferta
Trajano,$61.990,,
Feudum,$94.990,,
Fanhunter Urban Warfare,$61.990,$30.995,Oferta
Hegemonia,$21.990,$10.995,Oferta
Cupcake Empire,$31.990,,
Codigo Secreto Imagenes,$24.990,,
Rise to Nobility,$55.990,,
Robin Hood y sus Alegres Compañeros,$60.990,$42.693,Oferta
La Guerra de la Triple Alianza,$69.990,,
Star Realms exp. Gambito,$2.500,,
Exit: El Laboratorio Secreto,$14.990,,
No sin mi gato (nueva versión),$12.990,,
Quarto,$29.990,,
Quarto Mini,$21.990,,
Quixo Mini,$21.990,,
Unlock! Miniaventuras - Recetas Secretas de Antaño,$6.990,,
Mezo,$84.990,$59.493,Oferta
Yogi 2 Edición,$14.990,,
Time's Up! Party,$19.990,,
The Magnificent,$49.990,$34.993,Oferta
Arte Moderno - 31 Minutos,$22.990,,
Onirim,$25.990,,
Just One Refresh,$22.990,,
Mision Cumplida,$13.990,,
La Macarena,$15.990,,
Aventureros al Tren: Amsterdam,$19.990,$15.992,Oferta
Aventureros al Tren: San Francisco,$19.990,,
Aventureros al Tren: Londres,$19.990,,
Aventureros al Tren: New York,$19.990,,
The Siege of Runedar,$54.990,,
Azul,$39.990,,
Hive Version Pocket,$26.990,,
Rescate exp. Alto riesgo,$30.990,,
Fantasma Blitz,$15.990,,
Star Wars Legion - Rebel Sleeper Cell Unit Expansion,$44.990,,
Sword & Sorcery,$95.990,,
Sword & Sorcery Crónicas Antiguas,$119.990,,
Kurruf: Aventura en la Selva Patagonica,$31.990,,
Raton Valiente,$9.990,$7.992,Oferta
Draftosaurus,$20.990,,
Llama,$12.990,,
Llama Kadabra,$12.990,,
Toma 6!,$11.990,,
Scythe,$95.990,,
La Guerra de los Mundos: Nueva Oleada,$38.990,,
Undaunted Normandy - Español,$49.990,,
Blackout Hong Kong,$68.990,,
Campeones de Midgard - Big Box,$149.990,,
Clash of Cultures Edición Monumental,$185.990,,
Crown of Emara,$58.990,$41.293,Oferta
Indian Summer,$32.990,$19.794,Oferta
Proyecto Manhattan 2: Minutos para la Medianoche,$59.990,$47.992,Oferta
Nova Luna,$35.990,,
Brass Lancashire,$63.990,,
Unicorn Fever,$34.990,,
Sushi Go,$12.990,,
Newton,$59.990,,
Pictures,$43.990,$30.793,Oferta
Donning the Purple,$55.990,$44.792,Oferta
Istanbul - Big Box,$77.990,,
Scotland Yard,$23.990,$11.995,Oferta
Pylos,$29.990,,
Welcome: Hacia el Perfecto Hogar,$26.990,,
Wordsmith,$24.990,$14.994,Oferta
Mision Secreta,$11.990,,
Scythe exp. Vientos de Guerra y Paz,$34.990,,
Wingspan: Expansion Europea,$31.990,,
Imagine Family,$24.990,,
Condorito Rascacielos,$15.990,,
Stockpile,$59.990,,
Exit: El Legado del Profesor,$14.990,,
Through the Ages: Una Nueva Historia de las Civilizaciones,$59.990,,
Exit: Secuestro en Fortune City,$14.990,,
Fantasma Blitz Mini,$8.990,,
Aventureros al Tren: Europa 15th Anniversary,$99.990,,
Monasterium,$45.990,$32.193,Oferta
Dobble Gigante,$24.990,,
Ajedrez Magnetico High-Class Set (Varios Tamaños),$3.990,,
Captain Bluff,$12.990,$6.495,Oferta
Tokyo Ghoul: Bloody Masquerade,$39.990,$27.993,Oferta
Terraforming Mars,$65.990,,
Cuzco,$58.990,,
Tikal,$58.990,,
Wingspan: Expansion Oceania,$32.990,,
Bonfire,$59.990,,
Gaia Project,$87.990,,
Ark Nova,$78.990,,
Teotihuacan Ciudad de Dioses,$59.990,,
Cosmic Encounter Duel,$41.990,$25.194,Oferta
Space Base,$46.990,,
Tawantisuyu: El Imperio Inca,$59.990,$47.992,Oferta
BrainBox: Animales Nueva Edición,$14.990,,
BrainBox: Imágenes Nueva Edición,$14.990,,
Preventa - BrainBox: Erase una vez,$14.990,,
Meeple Land,$33.990,,
Optimus,$15.990,,
Optimus 2,$14.990,,
Cobardes!,$10.990,$6.594,Oferta
Platypus,$22.990,,
Throw Throw Burrito Ed. Extrema para Exteriores,$29.990,,
Zombie Burrito,$24.990,,
Bomb Squad,$29.990,,
Aztec,$14.990,$8.994,Oferta
Magic Maze en Marte,$25.990,,
Gravity Superstar,$30.990,$21.693,Oferta
Mindo Gatos,$12.990,,
Los Paises del Mundo,$34.990,,
Erase una vez exp. Cuentos de Caballeros,$13.000,$7.800,Oferta
Erase una vez exp. Cuentos de Piratas,$13.000,$7.800,Oferta
Erase una vez exp. Cuentos Encantados,$13.000,$7.800,Oferta
Caverna vs Caverna,$19.990,,
Dungeons & Dragons Caos en Neverwinter,$55.990,,
Abracada Que?,$34.990,,
Claim 2,$12.990,,
Mexica,$49.990,,
Lincoln,$40.990,$24.594,Oferta
Exit: La Tumba del Faraon,$12.990,,
Puerto Rico,$65.990,,
Alto Voltaje,$14.990,,
Agricola,$49.990,,
Agricola 15 Aniversario,$119.990,,
Vizcondes del Reino del Oeste,$49.990,,
El Muro de Adriano,$49.990,,
Exploding Minions,$27.990,,
Orleans exp Comercio e Intriga,$46.990,,
Orleans exp Invasión,$46.990,,
Shrimp,$14.990,,
Carcassonne Contructores y Comerciantes Exp2,$16.990,,
Catan ampl. 5-6 Piratas y Exploradores,$24.990,,
Castle Panic exp. The Dark Titan,$13.990,$6.995,Oferta
Robots El Juego,$17.990,,
Sherlock Serie Q: Propagacion,$8.990,,
Sherlock Serie Q: Paradero Desconocido,$8.990,,
After the Virus,$24.990,,
Black Stories Superheroes,$14.990,,
Black Stories Crimenes Reales,$14.990,,
Terraforming Mars exp. Conflictos,$30.990,,
Honey Buzz,$54.990,,
Expediciones,$87.990,,
Terraforming Mars exp. Venus Next,$29.990,,
Terraforming Mars exp. Hellas y Elysium,$17.990,,
The Grimm Masquerade,$34.990,$24.493,Oferta
Detective exp. Crimenes en LA,$28.990,$14.495,Oferta
Coloretto,$13.990,$11.192,Oferta
Design Town,$14.990,$7.495,Oferta
Oceans,$70.990,,
Sherlock Serie Q: 13 Rehenes,$8.990,,
Potion Explotion,$39.990,,
King of Tokyo exp. Halloween,$17.990,,
Detectives exp. Sigue la Pista,$15.990,$7.995,Oferta
La Gran Guerra exp Ejercito Francés,$54.990,,
Onitama exp La Senda del Viento,$13.990,,
Ninja Night,$25.990,$18.193,Oferta
Sherlock Serie Q Junior: Suriguri,$8.990,,
Misty,$10.990,,
Welcome: to New Las Vegas,$24.990,$17.493,Oferta
Clank exp. Tesoros Sumergidos,$23.990,,
Carcassonne exp. La Abadia y el Alcalde,$14.990,,
Here to Slay,$24.990,,
Unstable Unicorns Para Niños,$14.990,,
Heaven & Ale exp. Barricas y Carretas,$39.990,,
Mas Alla de Baker Street,$24.990,$12.495,Oferta
La Leyenda de los Cinco Anillos exp. El trono Crisantemo (Inglés),$13.990,$6.995,Oferta
La Leyenda de los Cinco Anillos exp.En la ciudad Prohibida (Inglés),$13.990,$6.995,Oferta
High Society,$19.990,,
Azul exp. Mosaicos de Cristal,$14.990,,
X-Wing: Pack de Expansion RZ-2 ALA-A Español,$20.990,,
Story Cubes Star Wars,$14.990,,
Munchkin Exp: 4 Qué Locura de Montura,$14.990,,
Hula Hula,$11.990,,
Qwinto,$9.990,,
Mala Leche de Marihuana,$24.990,,
Arkham Horror exp. Mareas Tenebrosas,$50.990,,
Story Cubes: Clasico - Eco,$10.990,,
Story Cubes: Acciones - Eco,$10.990,,
Scythe: Tablero Modular,$29.990,,
Terraforming Mars: Tableros de Jugador,$21.990,,
Set Tablero Ajedrez German Doble peso (Goma),$30.990,,
Set Tablero Ajedrez ABS Doble peso (Vinilo),$24.990,,
Tablero Ludo/Ajedrez Madera Fournier,$19.990,,
Tablero Ajedrez Vinilo,$5.990,,
Tablero Ajedrez Goma,$9.990,,
Viticulture,$64.990,,
Narcos: Plata o Plomo,$40.990,$28.693,Oferta
Black Stories Vacaciones,$14.990,,
Black Stories: Marrones Mortales,$14.990,,
Fresco,$60.990,,
La Banda de Condorito,$7.990,,
H.D.P.,$20.990,,
Say My Name,$19.990,,
Super Cats,$13.990,,
Yokai,$13.990,,
Dungeons & Drinks,$23.990,,
Amigos de Mierda 2,$13.990,,
Amigos de Mierda,$14.990,,
Mojate el Potito,$15.990,,
Pa que me invitan… si saben como me pongo,$8.990,,
El Hombre Lobo: Edicion Definitiva - Ultimate Werewolf,$24.990,,
Escapa! El Destino de Londres,$9.990,,
Everdell,$65.990,,
War Chest,$59.990,,
Yohei,$65.990,$46.193,Oferta
2GM Pacific,$60.990,,
Normandy: The Beginning of the End - Was Storm Series,$53.990,,
Help Arrives,$53.990,,
2 Minutos para Medianoche,$94.990,,
La Guerra de Thatcher: Las Malvinas 1982,$67.990,,
N: Las Guerras Napoleónicas,$67.990,,
Rommel in the Desert,$99.990,,
Scope Stalingrad,$20.990,,
Las Vegas Royale,$59.990,,
"Fábulas de Peluche: ¡Oh, hermanito!",$44.990,,
Santa Mónica,$45.990,,
Living Forest,$42.990,,
Codex Naturalis,$17.990,,
Reinos Rodados,$22.990,,
Tholos,$26.990,,
Arkwright,$87.990,,
Marvel Villainous Infinite Power,$64.990,,
Talisman 4° Edicion Revisada,$68.990,,
Kitchen Rush Exp. Postres Deliciosos,$42.990,,
Port Royal A Toda Vela,$19.990,,
Concordia 8° Edicion,$74.990,,
Mice and Mystics,$114.990,,
Piratas de Maracaibo,$67.990,,
Detective Ciudad de Angeles,$134.990,,
Europe Divided,$50.990,,
Maracaibo,$85.990,,
Uboot: Lobos de Kriegsmarine,$136.990,,
Sherlock Holmes,$25.990,,
Museum,$55.990,$39.193,Oferta
Pares,$9.990,$6.993,Oferta
Micro Macro: Crime City,$41.990,,
A las Puertas del Loyang,$49.990,,
Eclipse,$214.990,,
Mazescape Ariadne,$10.990,,
Dune Imperium,$54.990,,
Dune: Un Juego de Conquista y Diplomacia,$53.990,,
El cubo de la Muerte,$19.990,,
Barking Kittens,$15.990,,
Streaking Kittens,$7.990,,
Pistas Cruzadas,$15.990,,
Hostage  -  El Negociador Exp. 3 y 4,$9.990,,
Squadro,$30.990,,
Fumanyi,$10.990,,
ReFumanyi,$10.990,,
Caravana al Oeste,$10.990,,
Make Make,$30.990,$21.693,Oferta
Dragomino,$23.990,,
Bellum Magica,$28.990,$17.394,Oferta
Cartografos Exp. Nuevos Descubrimientos,$11.990,,
Monster Kit,$17.990,,
Escapa! El Misterio del Dorado,$9.990,,
Escapa! La Prueba Final,$9.990,,
Guarro Pig,$17.990,,
La Morada Maldita,$24.990,,
Stone Age,$39.990,,
Mal Trago,$16.990,,
Dino Fiesta,$17.990,,
Match,$9.990,,
Ubongo Brain Games,$15.990,,
Holi,$45.990,$36.792,Oferta
Museum Exp. Los Arqueologos,$30.990,,
Exit: Robo en el Misisipi,$12.990,,
Kittin,$13.990,,
Kingdom Builder,$43.990,,
Cielos de Metal,$32.990,,
Viticulture: Tuscany Edicion Esencial,$38.990,,
Cubitos,$62.990,,
Zombies en el Pacífico La Expansión,$12.990,,
Draftosaurus: Show Aereo y Marina (Expansión),$19.990,,
Doggy Style - 31 Minutos,$13.990,,
La Isla de los Gatos,$61.990,,
Provincia Romana,$40.990,$32.792,Oferta
Badlands deluxe edition,$65.990,$52.792,Oferta
Catan edición de viaje,$32.990,,
Root: Expansion Cachivaches,$37.990,,
Calico,$41.990,,
Trek 12,$25.990,,
Prêt-à-Porter,$59.990,,
Puzzle y Juego Gira por el Mundo,$18.990,,
Colchonetas en la Piscina,$14.990,,
Capitan Sudoku,$14.990,,
Los Osos Veraneantes,$14.990,,
Azul Expansión: Pabellon Acristalado,$14.990,,
World of Warcraft: Unshackled,$56.990,,
Von Mansteins Triumph,$69.990,,
Brotherhood & Unity (Hermandad y Unidad),$94.990,,
Holanda 44 Deluxe,$94.990,,
Luna Capital,$25.990,,
Iq Files Amnesia,$12.990,,
Iq Files Liberación,$12.990,,
Iq Files Pecados,$12.990,,
Onus! Roma vs Cartago,$30.990,,
Cazadores de Monstruos,$22.990,,
Sherlock Holmes & Moriarty Asociados,$22.990,,
Patchwork Edicion Halloween,$19.990,,
Black Stories Sexo y Crimenes,$14.990,,
Taco Gorro Torta Caja Pizza,$12.990,,
Tzolkin,$45.990,,
LogiQuest - Shadow Glyphs,$20.990,$14.693,Oferta
Mercaderes de Dunhuang,$22.990,,
Coyote,$20.990,,
Carcassonne exp. La Torre,$17.990,,
Agricola: Animales en la Granja,$33.990,,
Arkham Horror: El juego de cartas (Ed. Revisada),$59.990,,
Dixit (Nueva Version),$29.990,,
Harmonies,$32.990,,
Root: Pack Actualización Ribereños,$8.990,$4.495,Oferta
Bitoku,$60.990,,
Boomerang Australia,$16.990,$13.592,Oferta
Animal Rescue,$14.990,$10.493,Oferta
Spies & Lies - A Estratego Story,$17.990,,
Stratego,$34.990,,
Gorinto,$31.990,,
Teotihuacán Exp. Era de la expansión,$31.990,,
Curious Cargo,$36.990,,
Medieval realms,$43.990,,
Scythe exp. El Auge de Fenris,$64.990,,
Viernes,$17.990,,
Carcassonne exp. La Princesa y el Dragon,$15.990,,
Excavación Tierra,$56.990,$39.893,Oferta
Excavación Tierra exp. Segunda Oleada,$30.990,$15.495,Oferta
Fábrica de Chocolate,$59.990,,
Va y Viene,$16.990,,
Merchants Cove,$72.990,,
Sleeping Gods,$109.990,,
The Quest Kids,$66.990,,
Can't Stop,$22.990,,
Glass Road,$45.990,,
D-Day Dice,$55.990,,
Julius Caesar,$74.990,,
Silver & Gold,$14.990,,
Wild Space,$30.990,,
Genial 2da edicion,$26.990,,
Gloomhaven Exp: Círculos Olvidados,$39.990,,
Frosthaven Removable Sticker Set,$15.990,,
Gloomhaven Exp: Círculos Olvidados Removable Stickers,$4.990,,
Hues and Cues (Español),$36.990,,
Duplik,$24.990,,
Las Ruinas Perdidas de Arnak,$55.990,,
Tucano,$10.990,,
No Mercy For Monsters (Ingles),$24.990,$12.495,Oferta
Anarchy Pancakes,$15.990,,
Five Tribes,$66.990,,
Weather Machine,$189.990,,
El Señor de los Anillos LCG Caja Básica (Edición Revisada),$61.990,,
La Feria de las Pulgas de Titirilquen,$14.990,,
Aventureros al Tren: Protectores con diseño,$16.990,,
Gloomhaven: Fauces del Leon,$69.990,,
Plenus,$14.990,,
Voces en mi Cabeza,$39.990,$27.993,Oferta
Aloha Pioha,$14.990,$7.495,Oferta
Exit: El Faro Solitario,$22.990,,
Alma Mater,$59.990,$35.994,Oferta
Puzzle Juego - Detective In Room,$16.990,$11.893,Oferta
Piggy Pearls,$23.990,,
Mozzaroller,$17.990,,
Lotto Animales Salvajes,$9.990,,
Marvel United - El Ascenso de Black Panther,$26.990,,
Marvel United - Guardianes de la Galaxia Remix,$26.990,,
Black Sonata,$35.990,,
Fantasy Realms,$20.990,,
Caja de Viaje para Splendor,$11.990,,
Tranquilidad,$17.990,,
Dice Hospital,$48.990,,
Golpe de Fe Exp: Cataclismo,$21.990,,
Dune: Traición,$26.990,$21.592,Oferta
La Iniciativa,$54.990,,
La Busqueda del Planeta X,$42.990,,
Daimyo: El Renacer del Imperio,$56.990,,
Cuentos de Buenas Noches para Niñas Rebeldes,$22.990,,
Smart 10,$29.990,,
Tokaido,$39.990,$23.994,Oferta
Veggies,$9.990,,
Carcassonne,$28.990,,
Castle Builder,$31.990,,
Dulces Sueños,$32.990,$16.495,Oferta
Hint,$21.990,,
X-Wing Expansión: Z-95 Cazacabezas clon,$44.990,,
Unstable Unicorns exp Aventuras,$15.990,,
Machina Arcana,$119.990,,
A Battle through History,$59.990,$41.993,Oferta
Inserto Compatible con Wingpsan (Base + Expansión Europa + Expansión Oceania),$23.990,,
Happy Little Dinosaur,$21.990,,
Museum Exp: El Premio del Publico,$29.990,,
Exit El Cementerio de las Tinieblas,$14.990,,
Alakablast,$10.990,,
Iki,$49.990,$29.994,Oferta
Ganímedes,$31.990,$22.393,Oferta
Protector Gamegenic Standard 66x91,$3.290,,
El Señor de los Anillos LCG Angmar despertado Expansión de Héroes,$44.990,,
"Alcachofas ¡No, gracias!",$12.990,,
Catan: Puzzles Logicos,$32.990,,
Carcassonne Exp: Mercados y Puentes,$15.990,,
Paleo Exp: Un Nuevo Comienzo,$34.990,,
Carcassonne Exp: Colinas y Ovejas,$15.990,,
Tranvía Mortal Expansión Vías + Modificadores,$19.990,,
TAROT Cruel Thing,$14.990,,
TAROT Español,$17.990,,
TAROT Favole,$17.990,,
TAROT Legends,$17.990,,
TAROT el Dios de los Tres,$17.990,,
TAROT Dragon Tarot de Anne Stokes,$17.990,,
TAROT XIII By Nekro,$17.990,,
TAROT Gothic by Anne Stokes,$17.990,,
TAROT Frida Kahlo,$17.990,,
¡Cómo pica!,$32.990,,
Dune - Arrakis: El alba de los Fremen,$59.990,,
Red Cathedral Expansión: Contractors,$22.990,$18.392,Oferta
Tuareg Expansión: Dunas y Agua,$20.990,,
Galaxy Trucker,$46.990,,
Pila Perruna,$17.990,,
Los Castillos de Borgoña Ed. 20 Aniversario,$65.990,,
Boonlake,$67.990,$54.392,Oferta
Elixer Mixer,$9.990,$7.992,Oferta
Rise to Nobility: Beyond,$34.990,,
Munchkin Exp 5: Exploradores Explotadores,$14.990,,
Wolfenstein El juego de Tablero,$124.990,,
Fjords,$49.990,$39.992,Oferta
Kombo Klash!,$22.990,,
Fort,$37.990,$30.392,Oferta
Almanac,$63.990,,
Rookie Heroes,$21.990,$10.995,Oferta
RRR,$17.990,$10.794,Oferta
Fun Facts,$22.990,,
Las Mareas del Tiempo,$11.990,$7.194,Oferta
Dream Catcher,$19.990,$9.995,Oferta
ShinKansen Zero-Kei,$32.990,,
Twilight Inscription,$62.990,,
Star Wars Pandemic: Las Guerras Clon,$59.990,,
Star Wars Legion: Droide Asesino Serie IG,$29.990,,
TEN,$22.990,,
Aqualin,$24.990,,
Star Realms: Escenarios,$2.990,,
Star Realms: United,$2.990,,
Clank! En el espacio,$55.990,,
Sekigahara,$69.990,,
Las Aventuras de Robin Hood,$49.990,,
Pakal,$34.990,,
It´s a Wonderful Kingdom,$37.990,,
It´s a Wonderful World,$56.990,,
Commands & Colors: Edad Antigua,$82.990,,
Misión Rescate,$11.990,,
Misión Marte,$11.990,,
Arre Unicornio!,$17.990,,
Not Alone Exp: Sanctuary,$21.990,,
Paradice,$34.990,,
Roll To The Top!,$14.990,,
Aqua Mirabilis,$70.990,,
Talisman Exp. La Mazmorra,$50.990,,
Contrast,$11.990,$8.393,Oferta
Undo Tejedores del Destino: Sangre en el Callejón,$12.990,,
Undo Tejedores del Destino: Una Maldición Del Pasado,$12.990,,
Messina 1347,$62.990,,
Pelo Pata Popó,$19.990,,
Lacrimosa,$64.990,,
Mazescape Cryo-C,$10.990,,
Mazescape Kids: Hipnos,$10.990,,
Dobble Impermeable,$14.990,,
Arkham Horror LCG: Las Llaves Escarlata exp. investigadores,$44.990,,
Arkham Horror LCG – Feast of Hemlock exp. investigadores,$44.990,,
Arkham Horror LCG – El círculo roto exp. campaña,$69.990,,
Arkham Horror LCG – El círculo roto exp. investigadores,$44.990,,
Nemesis Exp: Alien Kings,$42.990,,
X-Wing: El Asedio de Coruscant,$24.990,,
X-Wing: Ases Estelares ll Pack de Refuerzos,$24.990,,
No Game Over,$19.990,,
Donde las Papas Queman,$15.990,,
Faraway,$22.990,,
Cabalas,$15.990,,
Bruxelles 1893,$79.990,,
Carnegie: Expansión 1,$21.990,,
La isla de los gatos: Mininos y Bestias,$35.990,,
La isla de los Gatos: Explora y Dibuja,$35.990,,
Libertalia: Vientos de Galecrest,$65.990,,
Five Tribes: Deseos del Sultan,$31.990,,
Golem,$82.990,,
La Gran Muralla,$109.990,,
Mystic Vale: Edición Esencial,$106.990,,
¡César!,$35.990,,
Star Wars Legión: Boba Fett (Daimio),$21.990,,
Malas Compañias,$39.990,,
Taco Revés Cabra Queso Pizza,$12.990,,
Star Wars Legion: Tanque droide NR-N99 clase Persuasor,$53.990,,
Star Wars Legion: Dice Pack,$14.990,,
Desamparados: Stalingrado,$24.990,,
LINKO,$10.990,,
Carrera Carroña,$11.990,,
Raccoon Tycoon: Piezas de Madera,$9.990,,
Paracaidistas en tu Bolsillo,$56.990,,
D-Day Dice Exp: Dentro del Bunker,$21.990,,
The Cousin's War,$15.990,,
Celestia,$29.990,,
Zombicide Thundercats Pack #3,$24.990,,
Zombicide Dark Night Metal Pack #2,$24.990,,
Zombicide Dark Night Metal Pack #3,$24.990,,
Marvel Champions: Drax,$16.990,,
Arkham Horror LCG Las Llaves Escarlata exp. de Campaña,$69.990,,
Imperial Steam,$79.990,,
Loco Momo,$26.990,,
Oltréé,$71.990,$57.592,Oferta
Strike Harry Potter,$24.990,,
Terra Mystica: Comerciante de los Mares,$41.990,,
Terra Mystica: Modo Solitario,$25.990,,
D-Day Dice: Dios con Nosotros,$24.990,,
Lords of Waterdeep: Scoundrels of Skullport,$44.990,,
Regicide,$9.990,,
Exit: El laberinto Maldito,$14.990,,
Ganges,$49.990,,
Azul Master Chocolatier,$44.990,,
Savernake Forest,$17.990,,
El Rebaño,$15.990,,
Star Wars Legion Soldados Oscuros Imperiales,$54.990,,
Ierusalem,$44.990,,
Star Wars Villainous,$74.990,,
Radlands,$29.990,,
Dungeon Petz (Inglés),$44.990,,
Dungeon Petz (Español),$52.990,,
After The Virus Expansion: La Gran helada,$18.990,,
Puerto Rico 1897,$62.990,,
Wingspan: Expansión Asia,$53.990,,
Trek 12: Amazonas,$27.990,,
Berridos,$16.990,,
10 Nights,$22.990,,
Piece of Pie,$22.990,,
New York Crisis,$54.990,,
Paradox University,$18.990,,
Skymines,$82.990,,
Caverna vs Caverna Edición Definitiva,$38.990,,
Caverna: Los Granjeros Trogloditas,$92.990,,
Dinosaur World,$66.990,,
Star Wars: The Deckbuilding Game,$39.990,,
Akropolis,$24.990,,
Woodcraft,$57.990,,
Virtu,$59.990,,
Marea Alta,$10.990,,
Corruptia: Segunda Vuelta,$12.990,,
Simplicity,$22.990,,
Tangram 4 de Madera,$19.990,,
Arkham Horror LCG: la era olvidada exp. campaña,$69.990,,
Arkham Horror LCG: la era olvidada exp. investigadores,$44.990,,
Intimoos,$24.990,,
Preguntas de mierda 2ª edición,$17.990,,
"Catan El Duelo exp. Eras Oscuras, Eras Doradas",$24.990,,
Mille Fiori,$44.990,,
Tiny Turbo Cars,$27.990,,
El Ansia,$54.990,$32.994,Oferta
Mage Wars Arena,$41.990,,
De Barbarossa a Berlin,$44.990,,
Concordia Exp: Solitaria,$29.990,,
Pictures Exp: Orange,$29.990,,
Ponzi Scheme,$49.990,,
Anda a Lavar,$15.990,,
Mystic Scrolls,$23.990,,
1815 La Batalla De Waterloo,$45.990,,
ONUS! Traianus,$65.990,,
Namiji,$39.990,$23.994,Oferta
En una Escala de 1 a T-Rex,$19.990,,
El Señor de los Anillos: La Batalla por la Tierra Media,$9.990,,
Blind Business,$9.990,,
Monumental Exp: Reinos Perdidos,$49.990,,
Cat Stax,$17.990,,
Sea Stax,$16.990,,
Living Forest Exp: Kodama,$29.990,,
Imperial struggle,$59.990,,
The Republic Struggle,$87.990,,
El Lago en Llamas Insurgencia en Vietnam,$69.990,,
Coup X,$17.990,,
Guerra del Anillo: Rey Brujo Tin,$19.990,,
High Score: ¡Acepta el Reto!,$10.990,,
Exit: Regreso a la Cabaña Abandonada,$14.990,,
Winter 4 Seasons,$8.490,,
The Gallerist,$155.990,,
FrostPunk: El Juego de Tablero,$164.990,,
Star Wars Legion: Guerreros Ewok,$39.990,,
Star Wars Legion - Sun Fac & Poggle el menor Commander Expansion,$29.990,,
Star Wars Legion - El Quinto Hermano y la Séptima Hermana,$29.990,,
Star Wars Legion: Andador AT-ST,$64.990,,
Escape Game Pocket El Laboratorio del Dr Frank,$9.990,,
Escape Game Pocket El Museo Misterioso,$9.990,,
Escape Game Pocket La Piramide del Faraon,$9.990,,
Arqueojugando Mamut,$15.990,,
Laboratorio de Anatomía,$34.990,,
Mechanics Lamborghini Huracan STO,$64.990,,
Mechanics Barco de Vela,$29.990,,
Mechanics Transbordador Flotante Clementoni,$37.990,,
Mechanics Mars Rover,$49.990,,
Chupilca: Charadas,$10.990,,
3 Ring Circus,$31.990,,
Oath: Chronicles of Empire & Exile,$142.990,,
Marvel Champions: Psylocke,$15.990,,
Color Flush,$9.990,,
Carcassonne: Las Apuestas,$12.990,,
Guerra del Anillo: El Juego de Cartas,$44.990,,
Mind Bug,$17.990,,
Flamecraft,$50.990,,
Sleeping Gods Exp: Mazmorras,$23.990,,
Coffee Traders,$149.990,,
Golpe de Fe Exp:Cerezo en flor,$24.990,,
Union Stockyards,$55.990,,
ELEVEN Exp: Copa Internacional,$24.990,,
ELEVEN Exp: Estadio,$24.990,,
ELEVEN Exp: Futbolistas Internacionales,$24.990,,
ELEVEN Exp: Eventos Inesperados,$24.990,,
ELEVEN Exp: Campaña en Solitario,$24.990,,
Asombrosos Detectives de Monstruos,$32.990,$26.392,Oferta
Tartapies,$14.990,,
Blockits,$13.990,,
Este Huevito Quiere Sal,$7.990,,
HABA - Aerius - Juego de composición en 3D,$28.990,,
El Señor de los Anillos LCG Las Dos Torres expansión de saga,$69.990,,
Dixit Disney,$33.990,,
¡Campeones!,$21.990,,
Safari Splash,$17.990,,
Nakum,$29.990,$20.993,Oferta
"300, Tierra y Agua",$29.990,,
Crack It,$22.990,,
Star Wars Shatterpoint - We Are Brave Squad Pack,$44.990,,
The Morris Dodo,$19.990,,
Drakkar TumTum,$15.990,,
Emboscados,$15.990,,
Kawarimi,$14.990,,
RCG - Random Card Generator,$14.990,,
Potion Explosion Exp: El Quinto Ingrediente,$22.990,,
Formula D Exp #5 New Jersey/Sotchi,$19.990,,
Formula D Exp #1 Sebring/Chicago,$19.990,,
Formula D Exp #3 Singapur/Docks,$19.990,,
Logicase Set Iniciación Caja Azul,$19.990,,
Logicase Set Iniciación Caja Verde,$19.990,,
Logicase: Expansión Piratas,$9.990,,
Logicase: Expansión La Vida Cotidiana,$9.990,,
Logicase: Expansión Naturaleza,$9.990,,
Logicase: Expansión Animales,$9.990,,
Logicase: Expansión Obras,$9.990,,
Logicase: Expansión Princesas,$9.990,,
La Palta Borracha,$10.990,,
Cloudspire,$187.990,,
Cloudspire Exp: Los Insurgentes,$41.990,,
Cloudspire Exp: Griege,$41.990,,
Cloudspire Exp: Furia del Confín,$41.990,,
Cerveza y Pan,$34.990,,
Unicornio Destello: Juego de Cartas,$12.990,,
Tangram de Madera - Caja metal,$9.990,,
Terraforming Mars - Expedición Ares: Crisis,$17.990,,
Terraforming Mars - Expedición Ares: Cimientos,$22.990,,
Terraforming Mars - Expedición Ares: Descubrimientos,$17.990,,
Cloudspire Exp: El Saqueo de Ankar - Escenarios Adicionales y Escaramuzas,$17.990,,
World Challenge Game,$64.990,,
Cloudspire Exp: Botin del Heroe,$21.990,,
Heat,$62.990,,
Cortex Challenge Kids: Disney,$16.990,,
Micro Macro: Crime City ALL IN,$41.990,,
Taco Gatito Pizza,$12.990,,
Exit Kids: Acertijos en la Jungla,$14.990,,
Exit: La Desaparición de Sherlock Holmes,$14.990,,
Dados Pato Mar,$12.990,,
NAIPE Bicycle - Standard JUMBO,$6.990,,
Toma 11!,$12.990,,
Next Station London,$15.990,,
Monster Chef,$11.990,,
Cat in The Box,$27.990,,
Star Wars Legion: Ornitóptero Mosvispa Raddaugh,$34.990,,
Star Wars Legion: Plataforma de apoyo de infantería,$38.990,,
Misión Chungungo,$13.990,$8.394,Oferta
Siempre de Wn,$19.990,,
Domino Numeros y Animales Clementoni,$12.990,,
Numeros Tactiles Montessori Clementoni,$19.990,,
Dinosaurios y Prehistoria Clementoni,$18.990,,
Accion&Reaccion Efecto Domino Clementoni,$46.990,,
Laboratorio de Quimica Clementoni,$39.990,,
Laboratorio de Mecanica Buggy + Quad Clementoni,$19.990,$15.992,Oferta
Coffee Rush,$34.990,,
Tanxi,$31.990,,
Autumn,$8.990,,
Flash 10,$9.990,$7.992,Oferta
Samoa,$9.990,$7.992,Oferta
Eldritch Horror: Bajo las pirámides,$54.990,,
Bang! El juego de dados,$19.990,,
Ciudadelas Clásico,$14.990,,
Toma 6: Edición 30 Aniversario,$21.990,,
Unanimo,$15.990,,
El Señor de los Anillos LCG Angmar despertado Expansión de Campaña,$69.990,,
Pikit,$15.990,,
Little Tavern,$15.990,,
Everdell Exp: Newleaf,$69.990,,
Everdell Exp: Mistwood,$69.990,,
Dragón Chispas: Bingo de la Suerte,$12.990,,
Bomberos en acción,$19.990,,
Paper Dungeons Exp: Side Quest,$22.990,,
Terra Nova,$39.990,,
Campos de Arle: Big Box,$95.990,,
Tinderblox,$12.990,,
Barbecubes,$12.990,,
Gran Hotel Austria Exp: Bailemos un Vals,$49.990,,
Nucleum,$84.990,,
Nucleum Australia,$37.990,,
Cryptid,$44.990,,
Hero Realms: Exp. Linaje,$5.990,,
Timeline Twist,$15.990,,
Timeline Twist: Pop Culture,$12.990,,
¡Pingüinos!,$34.990,,
Unlock! Game Adventures,$34.990,,
Trio,$12.990,,
Skull King,$19.990,,
Sand,$29.990,$17.994,Oferta
Delicats,$15.990,,
El Grande,$49.990,,
Combat Commander: Pacifico,$79.990,,
Sagrada Artesanos,$99.990,,
The Mind: Soulmates,$16.990,,
Spicy,$16.990,,
Pelusas,$12.990,,
Mono Glotón,$16.990,,
¡A Prueba de Retos!,$24.990,,
Root - Expansión: Los Cachivaches 2,$53.990,,
Root - Expansión: Secuaces Ribereños,$29.990,,
Root - Expansión: Secuaces Merodeadores,$41.990,,
Root - Expansión: Secuaces Subterráneos,$29.990,,
Root - Expansión: Lugares Míticos,$22.990,,
Lewis and Clark,$51.990,,
Obsesión,$88.990,,
Undaunted: Battle of Britain,$54.990,,
Undaunted: Stalingrad,$124.990,,
Dominant Species,$112.990,,
Command and Colors: Napoleonics,$94.990,,
Command and Colors: Napoleonics - Ejercito español,$84.990,,
"Command and Colors: Napoleonics - Generales, Mariscales y Tácticas",$84.990,,
Océanos de Papel,$13.990,$11.192,Oferta
Word Traveler,$34.990,,
Warhammer 40000 Darktide: El Juego de Miniaturas (CAJA DAÑADA),$98.990,,
Warhammer 40000 - Codex: Adeptus Mechanicus,$55.990,,
Warhammer 40000 - Codex: T'au Empire,$55.990,,
Warhammer 40000 - Codex: Adeptus Custodes,$55.990,,
Cyberpunk 2077: Bandas de Night City,$109.990,,
Marvel Champions: Iceman,$15.990,,
BrainBox Dinosaurios,$14.990,,
BrainBox: Fútbol,$14.990,,
Villa Panda,$19.990,,
¡Esparta! Lucha por Grecia - Nueva Edición,$95.990,,
Bandida Ed. Fractal,$12.990,,
NEXT STATION: TOKYO,$15.990,,
Pathfinder El Juego de Cartas de Aventuras Exp: La Maldición del trono Carmesi,$39.990,,
Star Realms Exp: Alerta Maxima,$2.490,,
Star Realms Exp: Crisis,$2.490,,
Score 5,$12.990,,
Un día en Las Carreras,$30.990,$24.792,Oferta
Headu: Loto de Animales,$19.990,,
Headu: JUEGO INGLES FACIL EN LA CIUDAD 100 PALABRAS,$14.990,,
Criaturas de las Sombras,$31.990,,
Creative Little Hands - Pequeñas Manos Creativas,$16.990,,
Domino Puzzle Animals,$13.990,,
Mi Primer Puzzle Montessori - El Bosque,$16.990,,
Mi Primer Puzzle Montessori - La Granja,$16.990,,
Brain Trainer Puzzle,$13.990,,
Puzzle Explorar el Bosque,$16.990,,
Puzzle + Stickers La Granja,$13.990,,
Funny Faces/Caras Graciosas,$12.990,,
Senderos de Gloria,$44.990,,
Las Leyendas de Andor: El Frío Eterno,$49.990,,
Star Realms: Frontiers,$19.990,,
Guerra del Anillo: Contra la Sombra,$24.990,,
Ahora o Nunca,$59.990,,
Grúa de Peluches,$14.990,,
Ranking Top,$14.990,,
Catan: El auge de los Incas,$45.990,,
Phase 10 - Juego de Cartas Mattel,$8.990,,
Monopoly Dungeons & Dragons Honor entre Ladrones,$30.990,,
Marvel Champions: Jubilee,$14.990,,
Trekking Through History,$34.990,,
Juicio Final,$21.990,,
Mala Leche con Aji,$24.990,,
Burger ¡Ya! (Español),$10.990,,
Cubo Tangram 3D,$39.990,,
Enlaza Letras,$17.990,,
Dobble Paw Patrol,$15.990,,
Pagan: El destino de Roanoke,$47.990,,
Pagan exp Juegos Mentales,$7.990,,
Pagan exp Encuentros Cercanos,$7.990,,
Pagan exp Actos del Pasado,$7.990,,
Villainous Marvel: Mischief and Malice,$31.990,,
Memory: I Love You,$10.990,,
Memory: Happy Birthday,$10.990,,
Cascadia exp Hitos,$42.990,,
Apiario,$94.990,,
Europa Universalis El Precio del Poder - Edicion Estandar,$204.990,,
Desmaius!,$42.990,,
Set Poker Naiper y Fichas Bicycle,$33.990,,
Al Loro!,$14.990,,
Colour Brain,$24.990,,
Mente Vacuna,$24.990,,
Match and Catch,$20.990,,
Carson City,$172.990,,
Juntabras,$15.990,,
Brass Birmingham Deluxe,$105.990,,
La Morada Maldita Exp. Los Tesoros de Pirita,$16.990,,
Chupilca Love (Gay),$10.990,,
Chupilca Love (Hetero),$10.990,,
Maldita Palabrita,$15.990,,
Dobble Disney,$15.990,,
Chromino Smallbox,$16.990,,
Piezas de Ajedrez ABS tipo Madera,$41.990,,
Piezas de Ajedrez ABS Blanco y Negro,$19.990,,
Piezas Ajedrez German Polímero tipo Madera,$39.990,,
Piezas de Ajedrez PS sólidas Blanco y Negro,$16.990,,
Piezas de Ajedrez PS sólidas grandes Blanco y Negro,$21.990,,
Ajedrez Magnético LEAP,$34.990,,
Reloj digital temporizador LEAP,$26.990,,
Disc Cover,$24.990,,
Ciudad de Puntos,$29.990,,
Cero a 100,$14.990,,
Mantis,$22.990,,
Little Secret,$26.990,,
Bonsai,$37.990,,
Star Wars Legion: La Remesa Mala,$49.990,,
Combo Breaker,$12.990,,
Tough Calls: Dystopia exp. Emergencias y Desafíos,$9.990,,
Exploding Kittens Catchables 2-Pack 3 Danzaminina y Catástrofe,$9.990,,
Machi Koro 2da Edición,$29.990,,
Daitoshi,$52.990,,
La Isla de Pan,$45.990,,
Bibliotecarios Gritones,$29.990,,
LEGO's Monkey Palace,$39.990,,
Dungeons & Dragons: Castle Ravenloft,$86.990,,
Dungeons & Dragons: Wrath of Ashardalon,$86.990,,
Dungeons & Dragons: Legend of Drizzt,$86.990,,
Mind Bug: Más Allá Eternidad,$22.990,,
Mind Bug: Más Allá Evolución,$24.990,,
My Island,$44.990,,
The Lie,$9.990,,
Tinco,$9.990,,
Kienpaké,$21.990,$17.592,Oferta
Trama,$27.990,,
Clementoni - Mis Primeras Palabras,$11.990,,
Clementoni - Aprendo a Escribir,$11.990,,
Clementoni - Primer Alfabeto,$12.990,,
Clementoni - Numeros del 1 al 10,$12.990,,
Clementoni - Descubramos el Mundo,$18.990,,
Clementoni - My English World,$18.990,,
Clementoni - Actividades Infantiles,$28.990,,
Clementoni - Maletin Magnetico alfabeto y Animales,$28.990,,
Tank Up,$34.990,,
Clementoni - Disney Classic EDUKIT 4en1,$18.990,,
Arqueojugando Triceratops,$15.990,,
Tichu,$18.990,,
Naruto Push,$14.990,,
Finca,$56.990,,
Valle de los molinos,$62.990,,
Villainous: Introduction to Evil,$54.990,,
Quoridor Pac Man,$39.990,,
The White Castle Expansión Matcha,$21.990,,
Zombicide Segunda Edición Monty Python's Flying Circus,$49.990,,
La Banda de la Granja,$16.990,,
Cartagena,$23.990,,
La Frontera,$22.990,,
Bicycle - 100 Poker Chips,$9.990,,
Hilo,$14.990,,
Sushi Go: Gira y Come DIM SUM,$24.990,,
Tulio Lulo Lana Tarro Patana,$14.990,,
Tebas,$52.990,,
La Selva Prohibida,$29.990,,
Catan Energías,$59.990,,
Tras los Pasos de Darwin,$32.990,,
Next Station: París,$15.990,,
Sunrise Lane,$39.990,,
Pilo Pilo,$21.990,,
Curao' Volao' o Weón: Expansión,$12.990,,
Aventureros al Tren: Polonia,$21.990,,
Borderlands: Mister Torgue's Arena of Badassery,$124.990,,
8 BitBox,$34.990,,
Crónicas de Avel: Adventurer Toolkit,$4.990,,
Survive the Island: Monster Pack Expansion,$10.990,,
Akrotiri,$41.990,,
Q.E.,$40.990,,
Blocky,$29.990,,
Pack Escape Quest: La Saga,$41.990,,
Bermuda Pirates,$35.990,,
Dorfromantik,$52.990,,
Smart 10 - Viajes Paquete de Ampliacion,$16.990,,
Cuenta-Cuentos,$24.990,,
Brains: Jardín Japonés,$18.990,,
Brains: Mapa del Tesoro,$18.990,,
Deductio,$15.990,,
Micro Macro: Bonus Box,$34.990,,
Smart 10: Paquete de Ampliación,$21.990,,
Clans,$12.990,,
Lapsus,$16.990,,
Warhammer - Blood Bowl: Edición Segunda Temporada,$164.990,,
Odin,$11.990,,
For a Crown,$34.990,$27.992,Oferta
Ouch! (Lata),$12.990,,
HABA - Animalitos Escondidos,$12.990,,
London,$49.990,,
Minos,$68.990,,
Intarsia,$44.990,,
Video Game Champion,$44.990,,
Earth,$56.990,,
Terraforming Mars Exp. Preludio 2,$21.990,,
Terraforming Mars Exp. Automa,$36.990,,
Terraforming Mars Exp. Amazonis y Vastitas,$27.990,,
Terraforming Mars Exp. Utopia y Cimmeria,$21.990,,
Terraforming Mars Exp. Hitos y recompensas,$19.990,,
Happy Mochi - Clutch Box,$11.990,,
Terapeuta de Pacotilla,$19.990,,
"Si te ríes, tomas",$16.990,,
Quick Stop,$24.990,,
Flower Fields,$32.990,,
Misty Valley,$27.990,$22.392,Oferta
Aventureros al Tren: Expansión Iberia y Corea del Sur,$44.990,,
Planet,$46.990,,
Halli Galli,$21.990,,
Abejitas Zum Zum,$24.990,,
Serpentina,$14.990,,
Ranitas,$14.990,,
Lobo 77,$14.990,,
Blockbuster,$24.990,,
Chao Pescao!,$29.990,,
Sherwood,$58.990,,
Dioses,$24.990,,
SETI,$69.990,,
Star Wars Legion - ARF TROOPERS UNIT EXPANSION,$53.990,,
Go Cuckoo!,$21.990,,
Match Perrrfecto,$19.990,,
Baraja SPL,$6.990,,
Rin Rin Raja,$15.990,,
Guacamole,$15.990,$12.792,Oferta
Splendor La Ruta de la Seda,$14.990,,
Splendor El sol nunca se pone,$14.990,,
Brainbox Mascotas,$14.990,,
SuperStore 3000,$36.990,,
Piles,$19.990,,
Puerto Banana,$18.990,,
Smart 10: Familiar,$25.990,,
Cards Vs Gravity PRO,$18.990,,
Yo Soy Tu Peli,$19.990,,
Andromeda’s Edge,$99.990,,
Andromeda’s Edge - Materia Exótica,$28.990,,
Andromeda’s Edge - Escalada,$40.990,,
Galileo Galilei,$65.990,,
Aeterna,$69.990,,
Ratas de Wistar,$67.990,,
Eclipse: Proscritos,$78.990,,
Eclipse: Buscadores,$78.990,,
Finspan,$64.990,,
Marvel Champions - Winter Soldier Hero Pack,$15.990,,
Marvel Champions - Falcon Hero Pack,$15.990,,
Telestrations: 80's y 90's Expansión,$7.990,,
Link City,$19.990,,
Medical Mysteries Miami,$29.990,,
Dobble Dinosaurios,$14.990,,
Dobble Bluey,$15.990,,
Napoleon 1815 Edicion Kickstarter,$92.990,,
Berlin 1945 La Caida del Reichstag,$64.990,,
The Red Carpet,$24.990,,
Ilan - Mini expansion 2025,$3.490,,
Koinobori,$15.990,,
Naturalia,$16.990,,
Cocktail,$19.990,,
Resistencia Nativa,$48.990,,
Regroup Chicken Army,$12.990,,
Arcs: Conflicto y Colapso en el Dominio,$79.990,,
Cabanga,$14.990,,
All Aboard!,$9.990,,
Mapigami,$10.990,,
Sylvion,$34.990,,
Urbion,$34.990,,
Cyberion,$31.990,,
Sagrada: exp. Pasión,$24.990,,
Sagrada: exp. Gloria,$24.990,,
Sagrada: exp. Vida,$24.990,,
Asesinato en la Mansion Cthulhu,$27.990,,
Star Wars Super Teams,$29.990,,
Tiempo de Tumulto,$34.990,,
ISS Vanguard,$229.990,,
Panda Royale,$34.990,,
Dobble Catan,$16.990,,
Abalone GO,$11.990,,
Disney Stitch Experimento 626,$14.990,,
Aventureros al Tren: Aurora Boreal,$44.990,,
El Hobbit - Historia de una ida y de una vuelta,$30.990,,
Dobble The Lord of the Rings,$16.990,,
Tic Tac Trek,$12.990,,
DINOSAURIOS EXCAVA 4 TIPOS,$36.990,,
The White Castle Duel,$23.990,,
El Monstruo de Colores- Edición de viaje,$23.990,,
Dungeons Raiders,$12.990,,
Pequeños Grandes Crímenes,$29.990,,
Mino Dice,$29.990,,
Pequeño Gran Cthulhu,$29.990,,
Exit: Calendario de Adviento,$34.990,,
Catan Big Box,$69.990,,
Twisted Cryptids,$21.990,,
Ese juego de los sonidos,$29.990,,
Gigantes Moviendo Mueblecitos,$24.990,,
Star Wars Legion - Galactic Empire Starter Set,$94.990,,
Arkham Horror LCG - Rodaje Letal pack de escenario,$21.990,,
¿Cuanto cuesta esto?,$22.990,,
Telestrations Refresh,$29.990,,
Exploding Kittens the Board Game - Super Fan Edition,$29.990,,
Take Time,$24.990,,
Criaturas de las Sombras - Expansion Roca Fundida,$21.990,,
Jungo,$14.990,,
Fritanga,$13.990,,
SETUP Nueva edición,$22.990,,
Black Stories ¡Atencion Conspiracion!,$14.990,,
¡Tiburón!,$19.990,,
7 Wonders Dice,$29.990,,
Coyote (Exploding Kittens),$17.990,,
Timebomb Deluxe,$17.990,,
La Previa,$19.990,,
Monopoly Pokémon,$30.990,,
Patchwork Edicion Andina,$14.990,,
Pelusas Revolution,$14.990,,
Mafalda: Gustos son Gustos,$14.990,,
El Gato y la Torre,$20.990,,
Mafalda: Otra vez sopa!,$14.990,,
Bang! Explosion de Dados,$44.990,,
Fish and Katz,$24.990,,
Play Hit 2000,$24.990,,
Dice Theme Park,$61.990,,
Black Sonata - El Joven Misterioso,$19.990,,
Black Sonata - Sombras Extrañas,$19.990,,
La Fortaleza de Hegra,$64.990,,
Weimar: La Lucha por la Democracia,$149.990,,
That's Not A Hat,$18.990,,
That's Not A Hat: Pop Culture,$18.990,,
That's Not A Hat: Incognito,$19.990,,
Earthborne Rangers,$122.990,,
La Cultura Chupística,$24.990,,
Improvisado,$19.990,,
Undaunted 2200 Callisto (Español),$82.990,,
Crónicas de Drunagor: La Era de la Oscuridad,$149.990,,
Wok and Roll Exp: La Ola Coreana,$19.990,,
Dobble Spider-man,$16.990,,
Reloj digital temporizador LEAP Madera,$29.990,,
Ajedrez Magnético LEAP Premiun,$34.990,,
Ajedrez Magnético LEAP Deluxe,$54.990,,
Ajedrez Magnético LEAP con Gaveta,$74.990,,
Dixit Kids,$24.990,,
Case Ajedrez Magnetico,$17.990,,
Dewan,$37.990,,
Fromage,$49.990,,
Paren la Nave,$19.990,,
Garras en juego,$14.990,,
Junk Art Revolution,$39.990,,
Ilari Ilarié Cántalo,$19.990,,
Pichanga,$19.990,,
Mesa Para Dos,$19.990,,
Preventa - Criaturas Maravillosas,$79.990,$71.991,Oferta
Preventa - Criaturas Maravillosas – Exp. Gargantuas,$23.990,$21.591,Oferta
Preventa - Criaturas Maravillosas – Exp. Nueva Tripulación,$19.990,$17.991,Oferta
Panic Lab,$16.990,,
Star Wars Legion - 3D Objective Tokens,$39.990,,
Marvel Champions - Synthezoid Smackdown Scenario Pack,$24.990,,
Star Wars Legion - Separatist Alliance Starter Set,$94.990,,
Star Wars Legion - Galactic Republic Starter Set,$94.990,,
Pareja de Pacotilla,$22.990,,
Marvel Champions - Civil War Expansión,$44.990,,
Aventuras en Villa Pegatina,$39.990,,
INK,$39.990,,
Preventa - El Señor de los Anillos: Duelo por la Tierra Media - Expansión Aliados,$9.990,,
Preventa - Marvel Champions - Wonder Man Hero Pack,$15.990,,
Preventa - Marvel Champions - Hercules Hero Pack,$15.990,,
Preventa - Heat - Terreno Inestable,$29.990,,
Unlock! Mini El Corazón del Océano,$6.990,,
Preventa - Metal Gear Solid - The Board Game,$109.990,,
Preventa - Star Wars Legion - Customizable Jedi General and  Knight,$29.990,,
